<?xml version="1.0" encoding="UTF-8"?>
<project-private xmlns="http://www.netbeans.org/ns/project-private/1">
    <editor-bookmarks xmlns="http://www.netbeans.org/ns/editor-bookmarks/2" lastBookmarkId="0"/>
    <open-files xmlns="http://www.netbeans.org/ns/projectui-open-files/2">
        <group>
            <file>file:/C:/Users/Naillik/Documents/NetBeansProjects/ToInfinityAndBeyond/src/ToInfinityAndBeyond/ZoneIneractionsPackage/Exit.java</file>
            <file>file:/C:/Users/Naillik/Documents/NetBeansProjects/ToInfinityAndBeyond/src/ToInfinityAndBeyond/SpacialPackage/Weapons.java</file>
            <file>file:/C:/Users/Naillik/Documents/NetBeansProjects/ToInfinityAndBeyond/src/ToInfinityAndBeyond/ZoneIneractionsPackage/RepairKit.java</file>
            <file>file:/C:/Users/Naillik/Documents/NetBeansProjects/ToInfinityAndBeyond/src/ToInfinityAndBeyond/ZoneIneractionsPackage/Ammo.java</file>
            <file>file:/C:/Users/Naillik/Documents/NetBeansProjects/ToInfinityAndBeyond/src/ToInfinityAndBeyond/ZoneIneractionsPackage/Material.java</file>
            <file>file:/C:/Users/Naillik/Documents/NetBeansProjects/ToInfinityAndBeyond/src/ToInfinityAndBeyond/SpacialPackage/Shoot.java</file>
            <file>file:/C:/Users/Naillik/Documents/NetBeansProjects/ToInfinityAndBeyond/src/ToInfinityAndBeyond/ZoneIneractionsPackage/Items.java</file>
            <file>file:/C:/Users/Naillik/Documents/NetBeansProjects/ToInfinityAndBeyond/src/ToInfinityAndBeyond/GameControlPackage/Game.java</file>
            <file>file:/C:/Users/Naillik/Documents/NetBeansProjects/ToInfinityAndBeyond/src/ToInfinityAndBeyond/GameControlPackage/GameState.java</file>
            <file>file:/C:/Users/Naillik/Documents/NetBeansProjects/ToInfinityAndBeyond/src/ToInfinityAndBeyond/ZoneIneractionsPackage/Place.java</file>
            <file>file:/C:/Users/Naillik/Documents/NetBeansProjects/ToInfinityAndBeyond/src/ToInfinityAndBeyond/ZoneIneractionsPackage/Credit.java</file>
            <file>file:/C:/Users/Naillik/Documents/NetBeansProjects/ToInfinityAndBeyond/src/ToInfinityAndBeyond/ZoneIneractionsPackage/BarrelOfFuel.java</file>
        </group>
    </open-files>
</project-private>
