<?xml version="1.0" encoding="UTF-8"?>
<project-private xmlns="http://www.netbeans.org/ns/project-private/1">
    <editor-bookmarks xmlns="http://www.netbeans.org/ns/editor-bookmarks/2" lastBookmarkId="0"/>
    <open-files xmlns="http://www.netbeans.org/ns/projectui-open-files/2">
        <group>
            <file>file:/C:/Users/Romain/Documents/NetBeansProjects/ToInfinityAndBeyond/src/toinfinityandbeyond/SpacialPackage/BlasterUltime.java</file>
            <file>file:/C:/Users/Romain/Documents/NetBeansProjects/ToInfinityAndBeyond/src/ToInfinityAndBeyond/GameControlPackage/Action.java</file>
            <file>file:/C:/Users/Romain/Documents/NetBeansProjects/ToInfinityAndBeyond/src/toinfinityandbeyond/SpacialPackage/Shoot.java</file>
            <file>file:/C:/Users/Romain/Documents/NetBeansProjects/ToInfinityAndBeyond/src/toinfinityandbeyond/SpacialPackage/Weapons.java</file>
            <file>file:/C:/Users/Romain/Documents/NetBeansProjects/ToInfinityAndBeyond/src/toinfinityandbeyond/SpacialPackage/Enemy.java</file>
            <file>file:/C:/Users/Romain/Documents/NetBeansProjects/ToInfinityAndBeyond/src/ToInfinityAndBeyond/GameControlPackage/TextOutputForm.java</file>
            <file>file:/C:/Users/Romain/Documents/NetBeansProjects/ToInfinityAndBeyond/src/toinfinityandbeyond/SpacialPackage/SpacialObject.java</file>
            <file>file:/C:/Users/Romain/Documents/NetBeansProjects/ToInfinityAndBeyond/src/ToInfinityAndBeyond/GameControlPackage/Game.java</file>
            <file>file:/C:/Users/Romain/Documents/NetBeansProjects/ToInfinityAndBeyond/src/toinfinityandbeyond/SpacialPackage/Bomb.java</file>
            <file>file:/C:/Users/Romain/Documents/NetBeansProjects/ToInfinityAndBeyond/src/toinfinityandbeyond/SpacialPackage/Player.java</file>
            <file>file:/C:/Users/Romain/Documents/NetBeansProjects/ToInfinityAndBeyond/src/toinfinityandbeyond/SpacialPackage/IEM.java</file>
            <file>file:/C:/Users/Romain/Documents/NetBeansProjects/ToInfinityAndBeyond/src/toinfinityandbeyond/SpacialPackage/Storage.java</file>
            <file>file:/C:/Users/Romain/Documents/NetBeansProjects/ToInfinityAndBeyond/src/ToInfinityAndBeyond/GameControlPackage/GameState.java</file>
            <file>file:/C:/Users/Romain/Documents/NetBeansProjects/ToInfinityAndBeyond/src/toinfinityandbeyond/SpacialPackage/Blaster.java</file>
        </group>
    </open-files>
</project-private>
